User名,貸出日,1日目,2日目,3日目
test01,2025/10/10,2025/10/25,2025/10/26,2025/10/27
User05,2025/10/24,2025/10/25,2025/10/26,2025/10/27
User03,2025/10/22,2025/10/24,2025/10/25,2025/10/27
User04,2025/10/23,2025/10/24,2025/10/25,2025/10/27
10,2025/10/27,2025/10/28,2025/10/29,2025/10/30
09,2025/10/27,2025/10/28,2025/10/29,2025/10/30
User01,2025/10/22,2025/10/30,2025/10/31,2025/11/01
06,2025/10/27,2025/10/28,2025/10/29,2025/10/30
02,2025/10/27,2025/10/28,2025/10/29,2025/10/30
11,2025/10/29,2025/10/30,2025/10/31,2025/11/01
07,2025/10/29,2025/10/30,2025/10/31,2025/11/01
08,2025/10/27,2025/10/28,2025/10/29,2025/10/31